category,user_input,chatbot_response,user_input_tokens,chatbot_response_tokens
Strength Training,what are some effective exercises for building upper body strength,effective upper body exercises include pushups pullups bench presses overhead presses dumbbell rows and bicep curls,"[10919, 389, 617, 4050, 13565, 329, 2615, 6727, 1767, 4202, 50256, 50256, 50256, 50256, 50256, 50256, 50256, 50256, 50256, 50256, 50256, 50256, 50256, 50256, 50256, 50256, 50256, 50256, 50256, 50256, 50256, 50256, 50256, 50256, 50256, 50256, 50256, 50256]","[16803, 6727, 1767, 13565, 2291, 4574, 4739, 2834, 4739, 7624, 31048, 16965, 31048, 13526, 7923, 15274, 290, 275, 501, 79, 49507, 50256, 50256, 50256, 50256, 50256, 50256, 50256, 50256, 50256, 50256, 50256, 50256, 50256, 50256, 50256, 50256, 50256]"
Strength Training,how many times a week should i train my legs,training your legs 23 times a week is generally effective allowing for adequate recovery between sessions,"[4919, 867, 1661, 257, 1285, 815, 1312, 4512, 616, 7405, 50256, 50256, 50256, 50256, 50256, 50256, 50256, 50256, 50256, 50256, 50256, 50256, 50256, 50256, 50256, 50256, 50256, 50256, 50256, 50256, 50256, 50256, 50256, 50256, 50256, 50256, 50256, 50256]","[34409, 534, 7405, 2242, 1661, 257, 1285, 318, 4143, 4050, 5086, 329, 12872, 7628, 1022, 10991, 50256, 50256, 50256, 50256, 50256, 50256, 50256, 50256, 50256, 50256, 50256, 50256, 50256, 50256, 50256, 50256, 50256, 50256, 50256, 50256, 50256, 50256]"
Strength Training,whats the proper form for a deadlift,stand with feet hipwidth apart grip the barbell with hands just outside your legs keep your back straight engage your core and lift by extending your hips and knees simultaneously,"[1929, 1381, 262, 1774, 1296, 329, 257, 2636, 26282, 50256, 50256, 50256, 50256, 50256, 50256, 50256, 50256, 50256, 50256, 50256, 50256, 50256, 50256, 50256, 50256, 50256, 50256, 50256, 50256, 50256, 50256, 50256, 50256, 50256, 50256, 50256, 50256, 50256]","[1481, 351, 3625, 10359, 10394, 5475, 11762, 262, 2318, 7923, 351, 2832, 655, 2354, 534, 7405, 1394, 534, 736, 3892, 8209, 534, 4755, 290, 10303, 416, 16610, 534, 21497, 290, 14475, 11640, 50256, 50256, 50256, 50256, 50256, 50256]"
Strength Training,should i lift heavy weights with fewer reps or lighter weights with more reps,lifting heavy weights with fewer reps builds strength while lighter weights with more reps improve muscle endurance your choice should align with your fitness goals,"[21754, 1312, 10303, 4334, 19590, 351, 7380, 20982, 393, 14871, 19590, 351, 517, 20982, 50256, 50256, 50256, 50256, 50256, 50256, 50256, 50256, 50256, 50256, 50256, 50256, 50256, 50256, 50256, 50256, 50256, 50256, 50256, 50256, 50256, 50256, 50256, 50256]","[30510, 4334, 19590, 351, 7380, 20982, 12188, 4202, 981, 14871, 19590, 351, 517, 20982, 2987, 8280, 22965, 534, 3572, 815, 10548, 351, 534, 13547, 4661, 50256, 50256, 50256, 50256, 50256, 50256, 50256, 50256, 50256, 50256, 50256, 50256, 50256]"
Cardio,what are the benefits of highintensity interval training hiit,hiit can burn a significant number of calories in a short time improve cardiovascular fitness and boost metabolism for hours after the workout,"[10919, 389, 262, 4034, 286, 1029, 47799, 16654, 3047, 23105, 270, 50256, 50256, 50256, 50256, 50256, 50256, 50256, 50256, 50256, 50256, 50256, 50256, 50256, 50256, 50256, 50256, 50256, 50256, 50256, 50256, 50256, 50256, 50256, 50256, 50256, 50256, 50256]","[5303, 270, 460, 4245, 257, 2383, 1271, 286, 14653, 287, 257, 1790, 640, 2987, 21134, 13547, 290, 5750, 20211, 329, 2250, 706, 262, 17578, 50256, 50256, 50256, 50256, 50256, 50256, 50256, 50256, 50256, 50256, 50256, 50256, 50256, 50256]"
Cardio,how can i make running more enjoyable,to make running more enjoyable vary your routes listen to music or podcasts run with a friend set achievable goals and mix up your training with intervals or hill runs,"[4919, 460, 1312, 787, 2491, 517, 20050, 50256, 50256, 50256, 50256, 50256, 50256, 50256, 50256, 50256, 50256, 50256, 50256, 50256, 50256, 50256, 50256, 50256, 50256, 50256, 50256, 50256, 50256, 50256, 50256, 50256, 50256, 50256, 50256, 50256, 50256, 50256]","[1462, 787, 2491, 517, 20050, 7565, 534, 11926, 6004, 284, 2647, 393, 31969, 1057, 351, 257, 1545, 900, 47729, 4661, 290, 5022, 510, 534, 3047, 351, 20016, 393, 12788, 4539, 50256, 50256, 50256, 50256, 50256, 50256, 50256, 50256]"
Cardio,is cycling good for weight loss,yes cycling is an effective lowimpact cardio exercise that can help burn calories improve heart health and aid in weight loss when combined with a balanced diet,"[271, 16259, 922, 329, 3463, 2994, 50256, 50256, 50256, 50256, 50256, 50256, 50256, 50256, 50256, 50256, 50256, 50256, 50256, 50256, 50256, 50256, 50256, 50256, 50256, 50256, 50256, 50256, 50256, 50256, 50256, 50256, 50256, 50256, 50256, 50256, 50256, 50256]","[8505, 16259, 318, 281, 4050, 1877, 48240, 47926, 5517, 326, 460, 1037, 4245, 14653, 2987, 2612, 1535, 290, 6133, 287, 3463, 2994, 618, 5929, 351, 257, 12974, 5496, 50256, 50256, 50256, 50256, 50256, 50256, 50256, 50256, 50256, 50256]"
Cardio,how often should i do cardio exercises,for general health aim for at least 150 minutes of moderateintensity or 75 minutes of vigorousintensity cardio per week spread across several days,"[4919, 1690, 815, 1312, 466, 47926, 13565, 50256, 50256, 50256, 50256, 50256, 50256, 50256, 50256, 50256, 50256, 50256, 50256, 50256, 50256, 50256, 50256, 50256, 50256, 50256, 50256, 50256, 50256, 50256, 50256, 50256, 50256, 50256, 50256, 50256, 50256, 50256]","[1640, 2276, 1535, 4031, 329, 379, 1551, 6640, 2431, 286, 10768, 47799, 393, 5441, 2431, 286, 31543, 47799, 47926, 583, 1285, 4104, 1973, 1811, 1528, 50256, 50256, 50256, 50256, 50256, 50256, 50256, 50256, 50256, 50256, 50256, 50256, 50256]"
Flexibility,what are some stretches to improve flexibility,stretches like hamstring stretches quad stretches shoulder stretches chest openers and hip flexor stretches can improve flexibility,"[10919, 389, 617, 23687, 284, 2987, 13688, 50256, 50256, 50256, 50256, 50256, 50256, 50256, 50256, 50256, 50256, 50256, 50256, 50256, 50256, 50256, 50256, 50256, 50256, 50256, 50256, 50256, 50256, 50256, 50256, 50256, 50256, 50256, 50256, 50256, 50256, 50256]","[301, 1186, 2052, 588, 36744, 23687, 15094, 23687, 8163, 23687, 7721, 1280, 364, 290, 10359, 7059, 273, 23687, 460, 2987, 13688, 50256, 50256, 50256, 50256, 50256, 50256, 50256, 50256, 50256, 50256, 50256, 50256, 50256, 50256, 50256, 50256, 50256]"
Flexibility,when is the best time to stretch during a workout,its best to perform dynamic stretches during your warmup and static stretches during your cooldown after the workout,"[12518, 318, 262, 1266, 640, 284, 7539, 1141, 257, 17578, 50256, 50256, 50256, 50256, 50256, 50256, 50256, 50256, 50256, 50256, 50256, 50256, 50256, 50256, 50256, 50256, 50256, 50256, 50256, 50256, 50256, 50256, 50256, 50256, 50256, 50256, 50256, 50256]","[896, 1266, 284, 1620, 8925, 23687, 1141, 534, 5814, 929, 290, 9037, 23687, 1141, 534, 20869, 706, 262, 17578, 50256, 50256, 50256, 50256, 50256, 50256, 50256, 50256, 50256, 50256, 50256, 50256, 50256, 50256, 50256, 50256, 50256, 50256, 50256]"
Flexibility,how does yoga enhance flexibility,yoga incorporates various poses that lengthen and stretch muscles improving flexibility balance and range of motion over time,"[4919, 857, 20351, 9494, 13688, 50256, 50256, 50256, 50256, 50256, 50256, 50256, 50256, 50256, 50256, 50256, 50256, 50256, 50256, 50256, 50256, 50256, 50256, 50256, 50256, 50256, 50256, 50256, 50256, 50256, 50256, 50256, 50256, 50256, 50256, 50256, 50256, 50256]","[88, 10949, 33181, 2972, 17313, 326, 40038, 8524, 290, 7539, 12749, 10068, 13688, 5236, 290, 2837, 286, 6268, 625, 640, 50256, 50256, 50256, 50256, 50256, 50256, 50256, 50256, 50256, 50256, 50256, 50256, 50256, 50256, 50256, 50256, 50256, 50256]"
Flexibility,can flexibility training prevent injuries,yes improving flexibility can enhance joint mobility and reduce muscle stiffness which may help prevent injuries during physical activity,"[5171, 13688, 3047, 2948, 6821, 50256, 50256, 50256, 50256, 50256, 50256, 50256, 50256, 50256, 50256, 50256, 50256, 50256, 50256, 50256, 50256, 50256, 50256, 50256, 50256, 50256, 50256, 50256, 50256, 50256, 50256, 50256, 50256, 50256, 50256, 50256, 50256, 50256]","[8505, 10068, 13688, 460, 9494, 6466, 15873, 290, 4646, 8280, 49586, 543, 743, 1037, 2948, 6821, 1141, 3518, 3842, 50256, 50256, 50256, 50256, 50256, 50256, 50256, 50256, 50256, 50256, 50256, 50256, 50256, 50256, 50256, 50256, 50256, 50256, 50256]"
Exercise Techniques,whats the correct form for a squat,stand with feet shoulderwidth apart keep your chest up bend your knees and hips to lower your body as if sitting back into a chair keeping your knees over your toes then return to standing,"[1929, 1381, 262, 3376, 1296, 329, 257, 22713, 50256, 50256, 50256, 50256, 50256, 50256, 50256, 50256, 50256, 50256, 50256, 50256, 50256, 50256, 50256, 50256, 50256, 50256, 50256, 50256, 50256, 50256, 50256, 50256, 50256, 50256, 50256, 50256, 50256, 50256]","[1481, 351, 3625, 8163, 10394, 5475, 1394, 534, 7721, 510, 19396, 534, 14475, 290, 21497, 284, 2793, 534, 1767, 355, 611, 5586, 736, 656, 257, 5118, 5291, 534, 14475, 625, 534, 23932, 788, 1441, 284, 5055, 50256, 50256]"
Exercise Techniques,how do i perform a proper lunge,step forward with one foot lower your hips until both knees are bent at about 90 degrees keep your front knee over your ankle then push back up to the starting position,"[4919, 466, 1312, 1620, 257, 1774, 14678, 469, 50256, 50256, 50256, 50256, 50256, 50256, 50256, 50256, 50256, 50256, 50256, 50256, 50256, 50256, 50256, 50256, 50256, 50256, 50256, 50256, 50256, 50256, 50256, 50256, 50256, 50256, 50256, 50256, 50256, 50256]","[9662, 2651, 351, 530, 2366, 2793, 534, 21497, 1566, 1111, 14475, 389, 17157, 379, 546, 4101, 7370, 1394, 534, 2166, 10329, 625, 534, 19847, 788, 4574, 736, 510, 284, 262, 3599, 2292, 50256, 50256, 50256, 50256, 50256, 50256]"
Exercise Techniques,what is the right way to do a pushup,start in a plank position with hands under shoulders keep your body in a straight line lower your body by bending elbows close to your body then push back up to the starting position,"[10919, 318, 262, 826, 835, 284, 466, 257, 4574, 929, 50256, 50256, 50256, 50256, 50256, 50256, 50256, 50256, 50256, 50256, 50256, 50256, 50256, 50256, 50256, 50256, 50256, 50256, 50256, 50256, 50256, 50256, 50256, 50256, 50256, 50256, 50256, 50256]","[9688, 287, 257, 39599, 2292, 351, 2832, 739, 12450, 1394, 534, 1767, 287, 257, 3892, 1627, 2793, 534, 1767, 416, 30808, 37076, 1969, 284, 534, 1767, 788, 4574, 736, 510, 284, 262, 3599, 2292, 50256, 50256, 50256, 50256]"
Exercise Techniques,how can i engage my core during exercises,to engage your core tighten your abdominal muscles as if bracing for a punch maintain a neutral spine and breathe steadily throughout the movement,"[4919, 460, 1312, 8209, 616, 4755, 1141, 13565, 50256, 50256, 50256, 50256, 50256, 50256, 50256, 50256, 50256, 50256, 50256, 50256, 50256, 50256, 50256, 50256, 50256, 50256, 50256, 50256, 50256, 50256, 50256, 50256, 50256, 50256, 50256, 50256, 50256, 50256]","[1462, 8209, 534, 4755, 31833, 534, 32692, 12749, 355, 611, 865, 4092, 329, 257, 10862, 5529, 257, 8500, 19656, 290, 18044, 18434, 3690, 262, 3356, 50256, 50256, 50256, 50256, 50256, 50256, 50256, 50256, 50256, 50256, 50256, 50256, 50256]"
Workout Plans,how can i create a balanced weekly workout routine,include a mix of cardio strength training and flexibility exercises for example allocate days for upper body lower body cardio sessions and rest or active recovery,"[4919, 460, 1312, 2251, 257, 12974, 10273, 17578, 8027, 50256, 50256, 50256, 50256, 50256, 50256, 50256, 50256, 50256, 50256, 50256, 50256, 50256, 50256, 50256, 50256, 50256, 50256, 50256, 50256, 50256, 50256, 50256, 50256, 50256, 50256, 50256, 50256, 50256]","[17256, 257, 5022, 286, 47926, 4202, 3047, 290, 13688, 13565, 329, 1672, 31935, 1528, 329, 6727, 1767, 2793, 1767, 47926, 10991, 290, 1334, 393, 4075, 7628, 50256, 50256, 50256, 50256, 50256, 50256, 50256, 50256, 50256, 50256, 50256, 50256]"
Workout Plans,what should a beginners gym routine look like,a beginners routine might include fullbody strength training 23 times a week focusing on major muscle groups along with moderate cardio and flexibility exercises,"[10919, 815, 257, 31729, 11550, 8027, 804, 588, 50256, 50256, 50256, 50256, 50256, 50256, 50256, 50256, 50256, 50256, 50256, 50256, 50256, 50256, 50256, 50256, 50256, 50256, 50256, 50256, 50256, 50256, 50256, 50256, 50256, 50256, 50256, 50256, 50256, 50256]","[64, 31729, 8027, 1244, 2291, 1336, 2618, 4202, 3047, 2242, 1661, 257, 1285, 10759, 319, 1688, 8280, 2628, 1863, 351, 10768, 47926, 290, 13688, 13565, 50256, 50256, 50256, 50256, 50256, 50256, 50256, 50256, 50256, 50256, 50256, 50256, 50256]"
Workout Plans,how often should i change my workout routine,its beneficial to change your routine every 46 weeks to prevent plateaus challenge your muscles differently and keep workouts interesting,"[4919, 1690, 815, 1312, 1487, 616, 17578, 8027, 50256, 50256, 50256, 50256, 50256, 50256, 50256, 50256, 50256, 50256, 50256, 50256, 50256, 50256, 50256, 50256, 50256, 50256, 50256, 50256, 50256, 50256, 50256, 50256, 50256, 50256, 50256, 50256, 50256, 50256]","[896, 13205, 284, 1487, 534, 8027, 790, 6337, 2745, 284, 2948, 7480, 8717, 4427, 534, 12749, 10338, 290, 1394, 27197, 3499, 50256, 50256, 50256, 50256, 50256, 50256, 50256, 50256, 50256, 50256, 50256, 50256, 50256, 50256, 50256, 50256, 50256]"
Workout Plans,what is periodization in training,periodization is a training approach that involves progressive cycling of various aspects of a workout program during a specific period optimizing performance and recovery,"[10919, 318, 2278, 1634, 287, 3047, 50256, 50256, 50256, 50256, 50256, 50256, 50256, 50256, 50256, 50256, 50256, 50256, 50256, 50256, 50256, 50256, 50256, 50256, 50256, 50256, 50256, 50256, 50256, 50256, 50256, 50256, 50256, 50256, 50256, 50256, 50256, 50256]","[41007, 1634, 318, 257, 3047, 3164, 326, 9018, 10393, 16259, 286, 2972, 7612, 286, 257, 17578, 1430, 1141, 257, 2176, 2278, 45780, 2854, 290, 7628, 50256, 50256, 50256, 50256, 50256, 50256, 50256, 50256, 50256, 50256, 50256, 50256, 50256]"
General Fitness FAQs,how important is rest and recovery in fitness,rest and recovery are crucial as they allow your muscles to repair and grow reduce the risk of injury and improve overall performance,"[4919, 1593, 318, 1334, 290, 7628, 287, 13547, 50256, 50256, 50256, 50256, 50256, 50256, 50256, 50256, 50256, 50256, 50256, 50256, 50256, 50256, 50256, 50256, 50256, 50256, 50256, 50256, 50256, 50256, 50256, 50256, 50256, 50256, 50256, 50256, 50256, 50256]","[2118, 290, 7628, 389, 8780, 355, 484, 1249, 534, 12749, 284, 9185, 290, 1663, 4646, 262, 2526, 286, 5095, 290, 2987, 4045, 2854, 50256, 50256, 50256, 50256, 50256, 50256, 50256, 50256, 50256, 50256, 50256, 50256, 50256, 50256, 50256]"
General Fitness FAQs,do i need to warm up before exercising,yes warming up increases blood flow to muscles raises body temperature and prepares your body for more intense activity reducing the risk of injury,"[4598, 1312, 761, 284, 5814, 510, 878, 25352, 50256, 50256, 50256, 50256, 50256, 50256, 50256, 50256, 50256, 50256, 50256, 50256, 50256, 50256, 50256, 50256, 50256, 50256, 50256, 50256, 50256, 50256, 50256, 50256, 50256, 50256, 50256, 50256, 50256, 50256]","[8505, 9917, 510, 5732, 2910, 5202, 284, 12749, 12073, 1767, 5951, 290, 25978, 534, 1767, 329, 517, 8157, 3842, 8868, 262, 2526, 286, 5095, 50256, 50256, 50256, 50256, 50256, 50256, 50256, 50256, 50256, 50256, 50256, 50256, 50256, 50256]"
General Fitness FAQs,whats the difference between aerobic and anaerobic exercise,aerobic exercises use oxygen for energy over longer periods eg running while anaerobic exercises are highintensity and shortduration relying on energy sources within the muscles eg sprinting,"[1929, 1381, 262, 3580, 1022, 43294, 290, 281, 25534, 20803, 5517, 50256, 50256, 50256, 50256, 50256, 50256, 50256, 50256, 50256, 50256, 50256, 50256, 50256, 50256, 50256, 50256, 50256, 50256, 50256, 50256, 50256, 50256, 50256, 50256, 50256, 50256, 50256]","[25534, 20803, 13565, 779, 11863, 329, 2568, 625, 2392, 9574, 29206, 2491, 981, 281, 25534, 20803, 13565, 389, 1029, 47799, 290, 1790, 32257, 17965, 319, 2568, 4237, 1626, 262, 12749, 29206, 18553, 278, 50256, 50256, 50256, 50256, 50256]"
General Fitness FAQs,how can i measure my exercise intensity,you can measure intensity using heart rate zones the talk test or perceived exertion scales like the borg rating of perceived exertion,"[4919, 460, 1312, 3953, 616, 5517, 12245, 50256, 50256, 50256, 50256, 50256, 50256, 50256, 50256, 50256, 50256, 50256, 50256, 50256, 50256, 50256, 50256, 50256, 50256, 50256, 50256, 50256, 50256, 50256, 50256, 50256, 50256, 50256, 50256, 50256, 50256, 50256]","[5832, 460, 3953, 12245, 1262, 2612, 2494, 14123, 262, 1561, 1332, 393, 11067, 17596, 295, 16252, 588, 262, 275, 2398, 7955, 286, 11067, 17596, 295, 50256, 50256, 50256, 50256, 50256, 50256, 50256, 50256, 50256, 50256, 50256, 50256, 50256]"
Strength Training,what are compound exercises and why are they important,compound exercises involve multiple muscle groups and joints such as squats and deadlifts theyre important for building overall strength and functional fitness,"[10919, 389, 13061, 13565, 290, 1521, 389, 484, 1593, 50256, 50256, 50256, 50256, 50256, 50256, 50256, 50256, 50256, 50256, 50256, 50256, 50256, 50256, 50256, 50256, 50256, 50256, 50256, 50256, 50256, 50256, 50256, 50256, 50256, 50256, 50256, 50256, 50256]","[5589, 633, 13565, 6211, 3294, 8280, 2628, 290, 24039, 884, 355, 48871, 290, 2636, 75, 19265, 484, 260, 1593, 329, 2615, 4045, 4202, 290, 10345, 13547, 50256, 50256, 50256, 50256, 50256, 50256, 50256, 50256, 50256, 50256, 50256, 50256]"
Strength Training,how does progressive overload work,progressive overload involves gradually increasing the stress on your muscles by adding weight reps or sets to stimulate muscle growth and strength gains,"[4919, 857, 10393, 31754, 670, 50256, 50256, 50256, 50256, 50256, 50256, 50256, 50256, 50256, 50256, 50256, 50256, 50256, 50256, 50256, 50256, 50256, 50256, 50256, 50256, 50256, 50256, 50256, 50256, 50256, 50256, 50256, 50256, 50256, 50256, 50256, 50256, 50256]","[1676, 19741, 31754, 9018, 11835, 3649, 262, 5503, 319, 534, 12749, 416, 4375, 3463, 20982, 393, 5621, 284, 26020, 8280, 3349, 290, 4202, 8810, 50256, 50256, 50256, 50256, 50256, 50256, 50256, 50256, 50256, 50256, 50256, 50256, 50256, 50256]"
Cardio,what are some lowimpact cardio exercises,lowimpact cardio exercises include walking swimming cycling elliptical machine workouts and rowing,"[10919, 389, 617, 1877, 48240, 47926, 13565, 50256, 50256, 50256, 50256, 50256, 50256, 50256, 50256, 50256, 50256, 50256, 50256, 50256, 50256, 50256, 50256, 50256, 50256, 50256, 50256, 50256, 50256, 50256, 50256, 50256, 50256, 50256, 50256, 50256, 50256, 50256]","[9319, 48240, 47926, 13565, 2291, 6155, 14899, 16259, 48804, 605, 4572, 27197, 290, 686, 5469, 50256, 50256, 50256, 50256, 50256, 50256, 50256, 50256, 50256, 50256, 50256, 50256, 50256, 50256, 50256, 50256, 50256, 50256, 50256, 50256, 50256, 50256, 50256]"
Cardio,is it effective to do cardio on an empty stomach,fasted cardio may help burn fat for some individuals but it can also lead to decreased performance or muscle loss its important to listen to your body and fuel appropriately,"[271, 340, 4050, 284, 466, 47926, 319, 281, 6565, 11384, 50256, 50256, 50256, 50256, 50256, 50256, 50256, 50256, 50256, 50256, 50256, 50256, 50256, 50256, 50256, 50256, 50256, 50256, 50256, 50256, 50256, 50256, 50256, 50256, 50256, 50256, 50256, 50256]","[7217, 276, 47926, 743, 1037, 4245, 3735, 329, 617, 3925, 475, 340, 460, 635, 1085, 284, 11832, 2854, 393, 8280, 2994, 663, 1593, 284, 6004, 284, 534, 1767, 290, 5252, 20431, 50256, 50256, 50256, 50256, 50256, 50256, 50256]"
Flexibility,what is dynamic stretching,dynamic stretching involves active movements that stretch your muscles and joints through their full range of motion often used during warmups,"[10919, 318, 8925, 20880, 50256, 50256, 50256, 50256, 50256, 50256, 50256, 50256, 50256, 50256, 50256, 50256, 50256, 50256, 50256, 50256, 50256, 50256, 50256, 50256, 50256, 50256, 50256, 50256, 50256, 50256, 50256, 50256, 50256, 50256, 50256, 50256, 50256, 50256]","[67, 28995, 20880, 9018, 4075, 8650, 326, 7539, 534, 12749, 290, 24039, 832, 511, 1336, 2837, 286, 6268, 1690, 973, 1141, 5814, 4739, 50256, 50256, 50256, 50256, 50256, 50256, 50256, 50256, 50256, 50256, 50256, 50256, 50256, 50256, 50256]"
Flexibility,how often should i perform flexibility exercises,aim to include flexibility exercises at least 23 times per week holding each stretch for 1530 seconds,"[4919, 1690, 815, 1312, 1620, 13688, 13565, 50256, 50256, 50256, 50256, 50256, 50256, 50256, 50256, 50256, 50256, 50256, 50256, 50256, 50256, 50256, 50256, 50256, 50256, 50256, 50256, 50256, 50256, 50256, 50256, 50256, 50256, 50256, 50256, 50256, 50256, 50256]","[1385, 284, 2291, 13688, 13565, 379, 1551, 2242, 1661, 583, 1285, 4769, 1123, 7539, 329, 1315, 1270, 4201, 50256, 50256, 50256, 50256, 50256, 50256, 50256, 50256, 50256, 50256, 50256, 50256, 50256, 50256, 50256, 50256, 50256, 50256, 50256, 50256]"
Exercise Techniques,how do i ensure proper form during exercises,focus on technique over weight use mirrors for visual feedback consider working with a trainer and start with lighter weights to master the movements,"[4919, 466, 1312, 4155, 1774, 1296, 1141, 13565, 50256, 50256, 50256, 50256, 50256, 50256, 50256, 50256, 50256, 50256, 50256, 50256, 50256, 50256, 50256, 50256, 50256, 50256, 50256, 50256, 50256, 50256, 50256, 50256, 50256, 50256, 50256, 50256, 50256, 50256]","[37635, 319, 8173, 625, 3463, 779, 22353, 329, 5874, 7538, 2074, 1762, 351, 257, 21997, 290, 923, 351, 14871, 19590, 284, 4958, 262, 8650, 50256, 50256, 50256, 50256, 50256, 50256, 50256, 50256, 50256, 50256, 50256, 50256, 50256, 50256]"
Exercise Techniques,what are kettlebell swings good for,kettlebell swings improve cardiovascular fitness build strength in the posterior chain glutes hamstrings back and enhance explosive power,"[10919, 389, 40231, 7923, 26728, 922, 329, 50256, 50256, 50256, 50256, 50256, 50256, 50256, 50256, 50256, 50256, 50256, 50256, 50256, 50256, 50256, 50256, 50256, 50256, 50256, 50256, 50256, 50256, 50256, 50256, 50256, 50256, 50256, 50256, 50256, 50256, 50256]","[74, 23570, 7923, 26728, 2987, 21134, 13547, 1382, 4202, 287, 262, 34319, 6333, 1278, 1769, 8891, 37336, 736, 290, 9494, 13835, 1176, 50256, 50256, 50256, 50256, 50256, 50256, 50256, 50256, 50256, 50256, 50256, 50256, 50256, 50256, 50256, 50256]"
Workout Plans,what is circuit training,circuit training involves performing a series of exercises backtoback with minimal rest targeting different muscle groups and combining strength and cardio benefits,"[10919, 318, 10349, 3047, 50256, 50256, 50256, 50256, 50256, 50256, 50256, 50256, 50256, 50256, 50256, 50256, 50256, 50256, 50256, 50256, 50256, 50256, 50256, 50256, 50256, 50256, 50256, 50256, 50256, 50256, 50256, 50256, 50256, 50256, 50256, 50256, 50256, 50256]","[21170, 5013, 3047, 9018, 9489, 257, 2168, 286, 13565, 736, 83, 672, 441, 351, 10926, 1334, 10822, 1180, 8280, 2628, 290, 19771, 4202, 290, 47926, 4034, 50256, 50256, 50256, 50256, 50256, 50256, 50256, 50256, 50256, 50256, 50256, 50256]"
Workout Plans,how can i make my workouts more challenging,increase weight add more reps or sets reduce rest time incorporate supersets or drop sets or try new exercises to challenge different muscles,"[4919, 460, 1312, 787, 616, 27197, 517, 9389, 50256, 50256, 50256, 50256, 50256, 50256, 50256, 50256, 50256, 50256, 50256, 50256, 50256, 50256, 50256, 50256, 50256, 50256, 50256, 50256, 50256, 50256, 50256, 50256, 50256, 50256, 50256, 50256, 50256, 50256]","[24988, 589, 3463, 751, 517, 20982, 393, 5621, 4646, 1334, 640, 19330, 22754, 1039, 393, 4268, 5621, 393, 1949, 649, 13565, 284, 4427, 1180, 12749, 50256, 50256, 50256, 50256, 50256, 50256, 50256, 50256, 50256, 50256, 50256, 50256, 50256]"
General Fitness FAQs,can i work out every day,while daily activity is beneficial its important to include rest or active recovery days to allow your body to recover and prevent overtraining,"[5171, 1312, 670, 503, 790, 1110, 50256, 50256, 50256, 50256, 50256, 50256, 50256, 50256, 50256, 50256, 50256, 50256, 50256, 50256, 50256, 50256, 50256, 50256, 50256, 50256, 50256, 50256, 50256, 50256, 50256, 50256, 50256, 50256, 50256, 50256, 50256, 50256]","[4514, 4445, 3842, 318, 13205, 663, 1593, 284, 2291, 1334, 393, 4075, 7628, 1528, 284, 1249, 534, 1767, 284, 8551, 290, 2948, 625, 34409, 50256, 50256, 50256, 50256, 50256, 50256, 50256, 50256, 50256, 50256, 50256, 50256, 50256, 50256]"
General Fitness FAQs,how long does it take to see results from exercising,visible results can vary but generally you may notice improvements in strength and endurance within 46 weeks with consistent effort,"[4919, 890, 857, 340, 1011, 284, 766, 2482, 422, 25352, 50256, 50256, 50256, 50256, 50256, 50256, 50256, 50256, 50256, 50256, 50256, 50256, 50256, 50256, 50256, 50256, 50256, 50256, 50256, 50256, 50256, 50256, 50256, 50256, 50256, 50256, 50256, 50256]","[23504, 2482, 460, 7565, 475, 4143, 345, 743, 4003, 8561, 287, 4202, 290, 22965, 1626, 6337, 2745, 351, 6414, 3626, 50256, 50256, 50256, 50256, 50256, 50256, 50256, 50256, 50256, 50256, 50256, 50256, 50256, 50256, 50256, 50256, 50256, 50256]"
Strength Training,whats the difference between free weights and machines,free weights allow for a greater range of motion and engage stabilizing muscles while machines can be safer for beginners and isolate specific muscle groups,"[1929, 1381, 262, 3580, 1022, 1479, 19590, 290, 8217, 50256, 50256, 50256, 50256, 50256, 50256, 50256, 50256, 50256, 50256, 50256, 50256, 50256, 50256, 50256, 50256, 50256, 50256, 50256, 50256, 50256, 50256, 50256, 50256, 50256, 50256, 50256, 50256, 50256]","[5787, 19590, 1249, 329, 257, 3744, 2837, 286, 6268, 290, 8209, 14349, 2890, 12749, 981, 8217, 460, 307, 14178, 329, 31729, 290, 28091, 2176, 8280, 2628, 50256, 50256, 50256, 50256, 50256, 50256, 50256, 50256, 50256, 50256, 50256, 50256]"
Strength Training,should i train to failure on every set,training to failure can be beneficial but isnt necessary for every set its important to balance intensity with proper recovery to avoid overtraining,"[21754, 1312, 4512, 284, 5287, 319, 790, 900, 50256, 50256, 50256, 50256, 50256, 50256, 50256, 50256, 50256, 50256, 50256, 50256, 50256, 50256, 50256, 50256, 50256, 50256, 50256, 50256, 50256, 50256, 50256, 50256, 50256, 50256, 50256, 50256, 50256, 50256]","[34409, 284, 5287, 460, 307, 13205, 475, 318, 429, 3306, 329, 790, 900, 663, 1593, 284, 5236, 12245, 351, 1774, 7628, 284, 3368, 625, 34409, 50256, 50256, 50256, 50256, 50256, 50256, 50256, 50256, 50256, 50256, 50256, 50256, 50256]"
Cardio,what is the best way to monitor my heart rate during cardio,you can use a heart rate monitor fitness tracker or manually check your pulse to ensure youre exercising within your target heart rate zone,"[10919, 318, 262, 1266, 835, 284, 5671, 616, 2612, 2494, 1141, 47926, 50256, 50256, 50256, 50256, 50256, 50256, 50256, 50256, 50256, 50256, 50256, 50256, 50256, 50256, 50256, 50256, 50256, 50256, 50256, 50256, 50256, 50256, 50256, 50256, 50256, 50256]","[5832, 460, 779, 257, 2612, 2494, 5671, 13547, 30013, 393, 14500, 2198, 534, 19445, 284, 4155, 345, 260, 25352, 1626, 534, 2496, 2612, 2494, 6516, 50256, 50256, 50256, 50256, 50256, 50256, 50256, 50256, 50256, 50256, 50256, 50256, 50256]"
Cardio,does swimming build muscle,swimming is primarily a cardio exercise but also engages multiple muscle groups which can improve muscle endurance and strength over time,"[22437, 14899, 1382, 8280, 50256, 50256, 50256, 50256, 50256, 50256, 50256, 50256, 50256, 50256, 50256, 50256, 50256, 50256, 50256, 50256, 50256, 50256, 50256, 50256, 50256, 50256, 50256, 50256, 50256, 50256, 50256, 50256, 50256, 50256, 50256, 50256, 50256, 50256]","[2032, 27428, 318, 7525, 257, 47926, 5517, 475, 635, 32902, 3294, 8280, 2628, 543, 460, 2987, 8280, 22965, 290, 4202, 625, 640, 50256, 50256, 50256, 50256, 50256, 50256, 50256, 50256, 50256, 50256, 50256, 50256, 50256, 50256, 50256, 50256]"
Flexibility,what is the difference between static and dynamic stretching,static stretching involves holding a stretch for a period while dynamic stretching involves moving through a range of motion repeatedly,"[10919, 318, 262, 3580, 1022, 9037, 290, 8925, 20880, 50256, 50256, 50256, 50256, 50256, 50256, 50256, 50256, 50256, 50256, 50256, 50256, 50256, 50256, 50256, 50256, 50256, 50256, 50256, 50256, 50256, 50256, 50256, 50256, 50256, 50256, 50256, 50256, 50256]","[12708, 20880, 9018, 4769, 257, 7539, 329, 257, 2278, 981, 8925, 20880, 9018, 3867, 832, 257, 2837, 286, 6268, 7830, 50256, 50256, 50256, 50256, 50256, 50256, 50256, 50256, 50256, 50256, 50256, 50256, 50256, 50256, 50256, 50256, 50256, 50256]"
Flexibility,can i improve flexibility at any age,yes with consistent practice individuals can improve flexibility at any age though it may take longer as you get older,"[5171, 1312, 2987, 13688, 379, 597, 2479, 50256, 50256, 50256, 50256, 50256, 50256, 50256, 50256, 50256, 50256, 50256, 50256, 50256, 50256, 50256, 50256, 50256, 50256, 50256, 50256, 50256, 50256, 50256, 50256, 50256, 50256, 50256, 50256, 50256, 50256, 50256]","[8505, 351, 6414, 3357, 3925, 460, 2987, 13688, 379, 597, 2479, 996, 340, 743, 1011, 2392, 355, 345, 651, 4697, 50256, 50256, 50256, 50256, 50256, 50256, 50256, 50256, 50256, 50256, 50256, 50256, 50256, 50256, 50256, 50256, 50256, 50256]"
Exercise Techniques,how do i perform a proper burpee,start standing drop into a squat with hands on the ground kick feet back into a plank perform a pushup return feet to squat position and jump up explosively,"[4919, 466, 1312, 1620, 257, 1774, 4356, 39463, 50256, 50256, 50256, 50256, 50256, 50256, 50256, 50256, 50256, 50256, 50256, 50256, 50256, 50256, 50256, 50256, 50256, 50256, 50256, 50256, 50256, 50256, 50256, 50256, 50256, 50256, 50256, 50256, 50256, 50256]","[9688, 5055, 4268, 656, 257, 22713, 351, 2832, 319, 262, 2323, 4829, 3625, 736, 656, 257, 39599, 1620, 257, 4574, 929, 1441, 3625, 284, 22713, 2292, 290, 4391, 510, 6054, 2280, 50256, 50256, 50256, 50256, 50256, 50256, 50256]"
Exercise Techniques,whats the correct way to do a bench press,lie on a bench with feet flat on the floor grip the bar slightly wider than shoulderwidth lower the bar to your chest while keeping elbows at about a 45degree angle then press it back up,"[1929, 1381, 262, 3376, 835, 284, 466, 257, 7624, 1803, 50256, 50256, 50256, 50256, 50256, 50256, 50256, 50256, 50256, 50256, 50256, 50256, 50256, 50256, 50256, 50256, 50256, 50256, 50256, 50256, 50256, 50256, 50256, 50256, 50256, 50256, 50256, 50256]","[14485, 319, 257, 7624, 351, 3625, 6228, 319, 262, 4314, 11762, 262, 2318, 4622, 10595, 621, 8163, 10394, 2793, 262, 2318, 284, 534, 7721, 981, 5291, 37076, 379, 546, 257, 4153, 16863, 9848, 788, 1803, 340, 736, 510]"
Workout Plans,what is a split workout routine,a split routine divides training sessions by muscle groups or body parts allowing you to focus intensely on specific areas while others recover,"[10919, 318, 257, 6626, 17578, 8027, 50256, 50256, 50256, 50256, 50256, 50256, 50256, 50256, 50256, 50256, 50256, 50256, 50256, 50256, 50256, 50256, 50256, 50256, 50256, 50256, 50256, 50256, 50256, 50256, 50256, 50256, 50256, 50256, 50256, 50256, 50256, 50256]","[64, 6626, 8027, 36319, 3047, 10991, 416, 8280, 2628, 393, 1767, 3354, 5086, 345, 284, 2962, 31146, 319, 2176, 3006, 981, 1854, 8551, 50256, 50256, 50256, 50256, 50256, 50256, 50256, 50256, 50256, 50256, 50256, 50256, 50256, 50256, 50256]"
Workout Plans,how can i incorporate crosstraining into my fitness regimen,include a variety of activities like cycling swimming strength training and yoga to work different muscle groups and prevent overuse injuries,"[4919, 460, 1312, 19330, 269, 4951, 2536, 1397, 656, 616, 13547, 37086, 50256, 50256, 50256, 50256, 50256, 50256, 50256, 50256, 50256, 50256, 50256, 50256, 50256, 50256, 50256, 50256, 50256, 50256, 50256, 50256, 50256, 50256, 50256, 50256, 50256, 50256]","[17256, 257, 4996, 286, 4568, 588, 16259, 14899, 4202, 3047, 290, 20351, 284, 670, 1180, 8280, 2628, 290, 2948, 625, 1904, 6821, 50256, 50256, 50256, 50256, 50256, 50256, 50256, 50256, 50256, 50256, 50256, 50256, 50256, 50256, 50256, 50256]"
General Fitness FAQs,is it okay to work out when im sore,light activity can promote recovery but if soreness is significant its important to allow your muscles time to heal before intense workouts,"[271, 340, 8788, 284, 670, 503, 618, 545, 19597, 50256, 50256, 50256, 50256, 50256, 50256, 50256, 50256, 50256, 50256, 50256, 50256, 50256, 50256, 50256, 50256, 50256, 50256, 50256, 50256, 50256, 50256, 50256, 50256, 50256, 50256, 50256, 50256, 50256]","[2971, 3842, 460, 7719, 7628, 475, 611, 19597, 1108, 318, 2383, 663, 1593, 284, 1249, 534, 12749, 640, 284, 12035, 878, 8157, 27197, 50256, 50256, 50256, 50256, 50256, 50256, 50256, 50256, 50256, 50256, 50256, 50256, 50256, 50256, 50256]"
General Fitness FAQs,how does exercise impact mental health,regular exercise releases endorphins reduces stress hormones improves mood enhances sleep quality and can alleviate symptoms of anxiety and depression,"[4919, 857, 5517, 2928, 5110, 1535, 50256, 50256, 50256, 50256, 50256, 50256, 50256, 50256, 50256, 50256, 50256, 50256, 50256, 50256, 50256, 50256, 50256, 50256, 50256, 50256, 50256, 50256, 50256, 50256, 50256, 50256, 50256, 50256, 50256, 50256, 50256, 50256]","[16338, 5517, 10050, 886, 13425, 1040, 12850, 5503, 21311, 19575, 10038, 32479, 3993, 3081, 290, 460, 30885, 7460, 286, 9751, 290, 8862, 50256, 50256, 50256, 50256, 50256, 50256, 50256, 50256, 50256, 50256, 50256, 50256, 50256, 50256, 50256, 50256]"
Strength Training,what are isolation exercises,isolation exercises target a single muscle group or joint such as bicep curls or leg extensions useful for focusing on specific areas,"[10919, 389, 15133, 13565, 50256, 50256, 50256, 50256, 50256, 50256, 50256, 50256, 50256, 50256, 50256, 50256, 50256, 50256, 50256, 50256, 50256, 50256, 50256, 50256, 50256, 50256, 50256, 50256, 50256, 50256, 50256, 50256, 50256, 50256, 50256, 50256, 50256, 50256]","[271, 21417, 13565, 2496, 257, 2060, 8280, 1448, 393, 6466, 884, 355, 275, 501, 79, 49507, 393, 1232, 18366, 4465, 329, 10759, 319, 2176, 3006, 50256, 50256, 50256, 50256, 50256, 50256, 50256, 50256, 50256, 50256, 50256, 50256, 50256]"
Strength Training,how can i avoid plateaus in strength training,vary your exercises adjust intensity incorporate different training methods like supersets and ensure proper nutrition and rest,"[4919, 460, 1312, 3368, 7480, 8717, 287, 4202, 3047, 50256, 50256, 50256, 50256, 50256, 50256, 50256, 50256, 50256, 50256, 50256, 50256, 50256, 50256, 50256, 50256, 50256, 50256, 50256, 50256, 50256, 50256, 50256, 50256, 50256, 50256, 50256, 50256, 50256]","[85, 560, 534, 13565, 4532, 12245, 19330, 1180, 3047, 5050, 588, 22754, 1039, 290, 4155, 1774, 16633, 290, 1334, 50256, 50256, 50256, 50256, 50256, 50256, 50256, 50256, 50256, 50256, 50256, 50256, 50256, 50256, 50256, 50256, 50256, 50256, 50256]"
Cardio,what is the talk test in cardio workouts,the talk test is a method to gauge exercise intensity based on your ability to speak during the activity moderate intensity allows for conversation while vigorous intensity makes speaking difficult,"[10919, 318, 262, 1561, 1332, 287, 47926, 27197, 50256, 50256, 50256, 50256, 50256, 50256, 50256, 50256, 50256, 50256, 50256, 50256, 50256, 50256, 50256, 50256, 50256, 50256, 50256, 50256, 50256, 50256, 50256, 50256, 50256, 50256, 50256, 50256, 50256, 50256]","[1169, 1561, 1332, 318, 257, 2446, 284, 18266, 5517, 12245, 1912, 319, 534, 2694, 284, 2740, 1141, 262, 3842, 10768, 12245, 3578, 329, 5273, 981, 31543, 12245, 1838, 5486, 2408, 50256, 50256, 50256, 50256, 50256, 50256, 50256, 50256]"
Cardio,are jump ropes effective for cardio,yes jumping rope is an excellent highintensity cardio exercise that improves coordination burns calories and enhances cardiovascular fitness,"[533, 4391, 31001, 4050, 329, 47926, 50256, 50256, 50256, 50256, 50256, 50256, 50256, 50256, 50256, 50256, 50256, 50256, 50256, 50256, 50256, 50256, 50256, 50256, 50256, 50256, 50256, 50256, 50256, 50256, 50256, 50256, 50256, 50256, 50256, 50256, 50256, 50256]","[8505, 14284, 17182, 318, 281, 6275, 1029, 47799, 47926, 5517, 326, 19575, 19877, 20246, 14653, 290, 32479, 21134, 13547, 50256, 50256, 50256, 50256, 50256, 50256, 50256, 50256, 50256, 50256, 50256, 50256, 50256, 50256, 50256, 50256, 50256, 50256, 50256]"
Flexibility,should i stretch every day,daily stretching can improve flexibility and mobility but its important to perform stretches correctly to avoid injury,"[21754, 1312, 7539, 790, 1110, 50256, 50256, 50256, 50256, 50256, 50256, 50256, 50256, 50256, 50256, 50256, 50256, 50256, 50256, 50256, 50256, 50256, 50256, 50256, 50256, 50256, 50256, 50256, 50256, 50256, 50256, 50256, 50256, 50256, 50256, 50256, 50256, 50256]","[29468, 20880, 460, 2987, 13688, 290, 15873, 475, 663, 1593, 284, 1620, 23687, 9380, 284, 3368, 5095, 50256, 50256, 50256, 50256, 50256, 50256, 50256, 50256, 50256, 50256, 50256, 50256, 50256, 50256, 50256, 50256, 50256, 50256, 50256, 50256, 50256]"
Flexibility,what role does breathing play in stretching,proper breathing helps relax muscles increases oxygen flow and can enhance the effectiveness of stretches,"[10919, 2597, 857, 12704, 711, 287, 20880, 50256, 50256, 50256, 50256, 50256, 50256, 50256, 50256, 50256, 50256, 50256, 50256, 50256, 50256, 50256, 50256, 50256, 50256, 50256, 50256, 50256, 50256, 50256, 50256, 50256, 50256, 50256, 50256, 50256, 50256, 50256]","[1676, 525, 12704, 5419, 8960, 12749, 5732, 11863, 5202, 290, 460, 9494, 262, 13530, 286, 23687, 50256, 50256, 50256, 50256, 50256, 50256, 50256, 50256, 50256, 50256, 50256, 50256, 50256, 50256, 50256, 50256, 50256, 50256, 50256, 50256, 50256, 50256]"
Exercise Techniques,how do i perform a proper pullup,grip the bar with hands shoulderwidth apart hang with arms fully extended pull yourself up by engaging your back and biceps until your chin is above the bar then lower back down with control,"[4919, 466, 1312, 1620, 257, 1774, 2834, 929, 50256, 50256, 50256, 50256, 50256, 50256, 50256, 50256, 50256, 50256, 50256, 50256, 50256, 50256, 50256, 50256, 50256, 50256, 50256, 50256, 50256, 50256, 50256, 50256, 50256, 50256, 50256, 50256, 50256, 50256]","[70, 5528, 262, 2318, 351, 2832, 8163, 10394, 5475, 8181, 351, 5101, 3938, 7083, 2834, 3511, 510, 416, 11932, 534, 736, 290, 275, 41663, 1566, 534, 22531, 318, 2029, 262, 2318, 788, 2793, 736, 866, 351, 1630, 50256]"
Exercise Techniques,what is the correct form for a plank,place forearms on the ground with elbows under shoulders extend legs back keep your body in a straight line from head to heels engage your core and hold the position,"[10919, 318, 262, 3376, 1296, 329, 257, 39599, 50256, 50256, 50256, 50256, 50256, 50256, 50256, 50256, 50256, 50256, 50256, 50256, 50256, 50256, 50256, 50256, 50256, 50256, 50256, 50256, 50256, 50256, 50256, 50256, 50256, 50256, 50256, 50256, 50256, 50256]","[5372, 1674, 8357, 319, 262, 2323, 351, 37076, 739, 12450, 9117, 7405, 736, 1394, 534, 1767, 287, 257, 3892, 1627, 422, 1182, 284, 18728, 8209, 534, 4755, 290, 1745, 262, 2292, 50256, 50256, 50256, 50256, 50256, 50256, 50256]"
Workout Plans,what are supersets in strength training,supersets involve performing two exercises backtoback with minimal rest targeting either the same muscle group for increased intensity or opposing muscle groups for efficiency,"[10919, 389, 22754, 1039, 287, 4202, 3047, 50256, 50256, 50256, 50256, 50256, 50256, 50256, 50256, 50256, 50256, 50256, 50256, 50256, 50256, 50256, 50256, 50256, 50256, 50256, 50256, 50256, 50256, 50256, 50256, 50256, 50256, 50256, 50256, 50256, 50256, 50256]","[37330, 364, 1039, 6211, 9489, 734, 13565, 736, 83, 672, 441, 351, 10926, 1334, 10822, 2035, 262, 976, 8280, 1448, 329, 3220, 12245, 393, 12330, 8280, 2628, 329, 9332, 50256, 50256, 50256, 50256, 50256, 50256, 50256, 50256, 50256]"
Workout Plans,how can i set realistic fitness goals,set specific measurable achievable relevant and timebound smart goals start small and adjust as you progress,"[4919, 460, 1312, 900, 12653, 13547, 4661, 50256, 50256, 50256, 50256, 50256, 50256, 50256, 50256, 50256, 50256, 50256, 50256, 50256, 50256, 50256, 50256, 50256, 50256, 50256, 50256, 50256, 50256, 50256, 50256, 50256, 50256, 50256, 50256, 50256, 50256, 50256]","[2617, 2176, 40757, 47729, 5981, 290, 640, 7784, 4451, 4661, 923, 1402, 290, 4532, 355, 345, 4371, 50256, 50256, 50256, 50256, 50256, 50256, 50256, 50256, 50256, 50256, 50256, 50256, 50256, 50256, 50256, 50256, 50256, 50256, 50256, 50256, 50256]"
General Fitness FAQs,does muscle weigh more than fat,a pound of muscle and a pound of fat weigh the same but muscle is denser and takes up less space leading to a leaner appearance,"[22437, 8280, 10164, 517, 621, 3735, 50256, 50256, 50256, 50256, 50256, 50256, 50256, 50256, 50256, 50256, 50256, 50256, 50256, 50256, 50256, 50256, 50256, 50256, 50256, 50256, 50256, 50256, 50256, 50256, 50256, 50256, 50256, 50256, 50256, 50256, 50256, 50256]","[64, 14896, 286, 8280, 290, 257, 14896, 286, 3735, 10164, 262, 976, 475, 8280, 318, 29509, 263, 290, 2753, 510, 1342, 2272, 3756, 284, 257, 10904, 263, 5585, 50256, 50256, 50256, 50256, 50256, 50256, 50256, 50256, 50256, 50256]"
General Fitness FAQs,why am i gaining weight after starting an exercise program,initial weight gain can be due to increased muscle mass water retention or glycogen storage over time consistent exercise typically leads to fat loss,"[22850, 716, 1312, 13977, 3463, 706, 3599, 281, 5517, 1430, 50256, 50256, 50256, 50256, 50256, 50256, 50256, 50256, 50256, 50256, 50256, 50256, 50256, 50256, 50256, 50256, 50256, 50256, 50256, 50256, 50256, 50256, 50256, 50256, 50256, 50256, 50256, 50256]","[36733, 3463, 4461, 460, 307, 2233, 284, 3220, 8280, 2347, 1660, 21545, 393, 40232, 6644, 6143, 625, 640, 6414, 5517, 6032, 5983, 284, 3735, 2994, 50256, 50256, 50256, 50256, 50256, 50256, 50256, 50256, 50256, 50256, 50256, 50256, 50256]"
Nutrition,what are some healthy breakfast options,healthy breakfast options include oatmeal with fruits wholegrain toast with avocado greek yogurt with nuts and berries and smoothies made with leafy greens and protein powder,"[10919, 389, 617, 5448, 12607, 3689, 50256, 50256, 50256, 50256, 50256, 50256, 50256, 50256, 50256, 50256, 50256, 50256, 50256, 50256, 50256, 50256, 50256, 50256, 50256, 50256, 50256, 50256, 50256, 50256, 50256, 50256, 50256, 50256, 50256, 50256, 50256, 50256]","[22796, 12607, 3689, 2291, 267, 45280, 351, 15921, 508, 1455, 3201, 27805, 351, 40377, 308, 10316, 32132, 351, 14380, 290, 36322, 290, 7209, 444, 925, 351, 12835, 88, 30966, 290, 7532, 11913, 50256, 50256, 50256, 50256, 50256, 50256]"
Nutrition,how much water should i drink daily,its generally recommended to drink at least 8 glasses about 2 liters of water per day but individual needs can vary based on activity level and climate,"[4919, 881, 1660, 815, 1312, 4144, 4445, 50256, 50256, 50256, 50256, 50256, 50256, 50256, 50256, 50256, 50256, 50256, 50256, 50256, 50256, 50256, 50256, 50256, 50256, 50256, 50256, 50256, 50256, 50256, 50256, 50256, 50256, 50256, 50256, 50256, 50256, 50256]","[896, 4143, 7151, 284, 4144, 379, 1551, 807, 15232, 546, 362, 6578, 364, 286, 1660, 583, 1110, 475, 1981, 2476, 460, 7565, 1912, 319, 3842, 1241, 290, 4258, 50256, 50256, 50256, 50256, 50256, 50256, 50256, 50256, 50256, 50256]"
Nutrition,what are the benefits of eating fiberrich foods,fiberrich foods aid in digestion help maintain steady blood sugar levels and keep you feeling full longer which can support weight management,"[10919, 389, 262, 4034, 286, 6600, 13608, 7527, 9013, 50256, 50256, 50256, 50256, 50256, 50256, 50256, 50256, 50256, 50256, 50256, 50256, 50256, 50256, 50256, 50256, 50256, 50256, 50256, 50256, 50256, 50256, 50256, 50256, 50256, 50256, 50256, 50256, 50256]","[69, 1856, 7527, 9013, 6133, 287, 44639, 1037, 5529, 11831, 2910, 7543, 2974, 290, 1394, 345, 4203, 1336, 2392, 543, 460, 1104, 3463, 4542, 50256, 50256, 50256, 50256, 50256, 50256, 50256, 50256, 50256, 50256, 50256, 50256, 50256, 50256]"
Nutrition,can you suggest some vegan protein sources,certainly vegan protein sources include lentils chickpeas quinoa tofu tempeh seitan hemp seeds and chia seeds,"[5171, 345, 1950, 617, 15169, 7532, 4237, 50256, 50256, 50256, 50256, 50256, 50256, 50256, 50256, 50256, 50256, 50256, 50256, 50256, 50256, 50256, 50256, 50256, 50256, 50256, 50256, 50256, 50256, 50256, 50256, 50256, 50256, 50256, 50256, 50256, 50256, 50256]","[39239, 306, 15169, 7532, 4237, 2291, 26269, 4487, 17943, 431, 292, 627, 40564, 40108, 2169, 431, 71, 384, 18642, 28246, 11904, 290, 442, 544, 11904, 50256, 50256, 50256, 50256, 50256, 50256, 50256, 50256, 50256, 50256, 50256, 50256, 50256]"
Fitness,whats a good workout routine for beginners,a balanced routine for beginners could include 3 days of cardio 2 days of strength training focusing on all major muscle groups and flexibility exercises like stretching or yoga,"[1929, 1381, 257, 922, 17578, 8027, 329, 31729, 50256, 50256, 50256, 50256, 50256, 50256, 50256, 50256, 50256, 50256, 50256, 50256, 50256, 50256, 50256, 50256, 50256, 50256, 50256, 50256, 50256, 50256, 50256, 50256, 50256, 50256, 50256, 50256, 50256, 50256]","[64, 12974, 8027, 329, 31729, 714, 2291, 513, 1528, 286, 47926, 362, 1528, 286, 4202, 3047, 10759, 319, 477, 1688, 8280, 2628, 290, 13688, 13565, 588, 20880, 393, 20351, 50256, 50256, 50256, 50256, 50256, 50256, 50256, 50256, 50256]"
Fitness,how can i improve my flexibility,incorporate stretching exercises into your daily routine practice yoga or pilates and make sure to warm up before workouts and cool down afterward,"[4919, 460, 1312, 2987, 616, 13688, 50256, 50256, 50256, 50256, 50256, 50256, 50256, 50256, 50256, 50256, 50256, 50256, 50256, 50256, 50256, 50256, 50256, 50256, 50256, 50256, 50256, 50256, 50256, 50256, 50256, 50256, 50256, 50256, 50256, 50256, 50256, 50256]","[1939, 31150, 378, 20880, 13565, 656, 534, 4445, 8027, 3357, 20351, 393, 5560, 689, 290, 787, 1654, 284, 5814, 510, 878, 27197, 290, 3608, 866, 20875, 50256, 50256, 50256, 50256, 50256, 50256, 50256, 50256, 50256, 50256, 50256, 50256]"
Fitness,is it better to work out in the morning or evening,the best time to work out is when you feel most energetic and can be consistent both morning and evening workouts have their own benefits,"[271, 340, 1365, 284, 670, 503, 287, 262, 3329, 393, 6180, 50256, 50256, 50256, 50256, 50256, 50256, 50256, 50256, 50256, 50256, 50256, 50256, 50256, 50256, 50256, 50256, 50256, 50256, 50256, 50256, 50256, 50256, 50256, 50256, 50256, 50256, 50256]","[1169, 1266, 640, 284, 670, 503, 318, 618, 345, 1254, 749, 26758, 290, 460, 307, 6414, 1111, 3329, 290, 6180, 27197, 423, 511, 898, 4034, 50256, 50256, 50256, 50256, 50256, 50256, 50256, 50256, 50256, 50256, 50256, 50256, 50256]"
Fitness,how do i properly do a plank exercise,start in a pushup position rest your weight on your forearms keep your body in a straight line from head to heels and hold the position while engaging your core,"[4919, 466, 1312, 6105, 466, 257, 39599, 5517, 50256, 50256, 50256, 50256, 50256, 50256, 50256, 50256, 50256, 50256, 50256, 50256, 50256, 50256, 50256, 50256, 50256, 50256, 50256, 50256, 50256, 50256, 50256, 50256, 50256, 50256, 50256, 50256, 50256, 50256]","[9688, 287, 257, 4574, 929, 2292, 1334, 534, 3463, 319, 534, 1674, 8357, 1394, 534, 1767, 287, 257, 3892, 1627, 422, 1182, 284, 18728, 290, 1745, 262, 2292, 981, 11932, 534, 4755, 50256, 50256, 50256, 50256, 50256, 50256]"
Wellness,why is sleep important for weight loss,adequate sleep helps regulate hormones that control hunger and appetite lack of sleep can lead to increased cravings and reduced metabolism,"[22850, 318, 3993, 1593, 329, 3463, 2994, 50256, 50256, 50256, 50256, 50256, 50256, 50256, 50256, 50256, 50256, 50256, 50256, 50256, 50256, 50256, 50256, 50256, 50256, 50256, 50256, 50256, 50256, 50256, 50256, 50256, 50256, 50256, 50256, 50256, 50256, 50256]","[16515, 378, 3993, 5419, 16697, 21311, 326, 1630, 16460, 290, 20788, 3092, 286, 3993, 460, 1085, 284, 3220, 269, 42335, 290, 5322, 20211, 50256, 50256, 50256, 50256, 50256, 50256, 50256, 50256, 50256, 50256, 50256, 50256, 50256, 50256, 50256]"
Wellness,how can i manage stress effectively,techniques like deep breathing exercises meditation regular physical activity and time management can help manage stress,"[4919, 460, 1312, 6687, 5503, 6840, 50256, 50256, 50256, 50256, 50256, 50256, 50256, 50256, 50256, 50256, 50256, 50256, 50256, 50256, 50256, 50256, 50256, 50256, 50256, 50256, 50256, 50256, 50256, 50256, 50256, 50256, 50256, 50256, 50256, 50256, 50256, 50256]","[23873, 6368, 588, 2769, 12704, 13565, 16901, 3218, 3518, 3842, 290, 640, 4542, 460, 1037, 6687, 5503, 50256, 50256, 50256, 50256, 50256, 50256, 50256, 50256, 50256, 50256, 50256, 50256, 50256, 50256, 50256, 50256, 50256, 50256, 50256, 50256, 50256]"
Wellness,what are some tips for staying motivated,set realistic goals track your progress reward yourself for achievements and find a workout buddy or support group,"[10919, 389, 617, 9040, 329, 10589, 13338, 50256, 50256, 50256, 50256, 50256, 50256, 50256, 50256, 50256, 50256, 50256, 50256, 50256, 50256, 50256, 50256, 50256, 50256, 50256, 50256, 50256, 50256, 50256, 50256, 50256, 50256, 50256, 50256, 50256, 50256, 50256]","[2617, 12653, 4661, 2610, 534, 4371, 6721, 3511, 329, 16970, 290, 1064, 257, 17578, 24407, 393, 1104, 1448, 50256, 50256, 50256, 50256, 50256, 50256, 50256, 50256, 50256, 50256, 50256, 50256, 50256, 50256, 50256, 50256, 50256, 50256, 50256, 50256]"
Wellness,how does mindfulness improve overall health,mindfulness can reduce stress enhance emotional wellbeing improve focus and contribute to better decisionmaking regarding health habits,"[4919, 857, 35502, 2987, 4045, 1535, 50256, 50256, 50256, 50256, 50256, 50256, 50256, 50256, 50256, 50256, 50256, 50256, 50256, 50256, 50256, 50256, 50256, 50256, 50256, 50256, 50256, 50256, 50256, 50256, 50256, 50256, 50256, 50256, 50256, 50256, 50256, 50256]","[10155, 15538, 460, 4646, 5503, 9494, 7016, 40013, 2987, 2962, 290, 8676, 284, 1365, 2551, 8601, 5115, 1535, 13870, 50256, 50256, 50256, 50256, 50256, 50256, 50256, 50256, 50256, 50256, 50256, 50256, 50256, 50256, 50256, 50256, 50256, 50256, 50256]"
General FAQs,how many calories should i consume to lose weight,calorie needs vary based on factors like age gender weight and activity level a common approach is to reduce daily intake by 500 calories to lose about 1 pound per week,"[4919, 867, 14653, 815, 1312, 15000, 284, 4425, 3463, 50256, 50256, 50256, 50256, 50256, 50256, 50256, 50256, 50256, 50256, 50256, 50256, 50256, 50256, 50256, 50256, 50256, 50256, 50256, 50256, 50256, 50256, 50256, 50256, 50256, 50256, 50256, 50256, 50256]","[9948, 19257, 2476, 7565, 1912, 319, 5087, 588, 2479, 5279, 3463, 290, 3842, 1241, 257, 2219, 3164, 318, 284, 4646, 4445, 10337, 416, 5323, 14653, 284, 4425, 546, 352, 14896, 583, 1285, 50256, 50256, 50256, 50256, 50256, 50256]"
General FAQs,whats the difference between saturated and unsaturated fats,saturated fats are typically solid at room temperature and found in animal products while unsaturated fats are liquid and found in plants unsaturated fats are generally considered healthier for heart health,"[1929, 1381, 262, 3580, 1022, 24725, 290, 5576, 30192, 27997, 50256, 50256, 50256, 50256, 50256, 50256, 50256, 50256, 50256, 50256, 50256, 50256, 50256, 50256, 50256, 50256, 50256, 50256, 50256, 50256, 50256, 50256, 50256, 50256, 50256, 50256, 50256, 50256]","[82, 30192, 27997, 389, 6032, 4735, 379, 2119, 5951, 290, 1043, 287, 5044, 3186, 981, 5576, 30192, 27997, 389, 8122, 290, 1043, 287, 6134, 5576, 30192, 27997, 389, 4143, 3177, 22841, 329, 2612, 1535, 50256, 50256, 50256, 50256]"
General FAQs,should i take dietary supplements,its best to get nutrients from whole foods however some people may need supplements due to deficiencies consult a healthcare provider before starting any supplement,"[21754, 1312, 1011, 15429, 20864, 50256, 50256, 50256, 50256, 50256, 50256, 50256, 50256, 50256, 50256, 50256, 50256, 50256, 50256, 50256, 50256, 50256, 50256, 50256, 50256, 50256, 50256, 50256, 50256, 50256, 50256, 50256, 50256, 50256, 50256, 50256, 50256, 50256]","[896, 1266, 284, 651, 20901, 422, 2187, 9013, 2158, 617, 661, 743, 761, 20864, 2233, 284, 33589, 5725, 257, 11409, 10131, 878, 3599, 597, 10327, 50256, 50256, 50256, 50256, 50256, 50256, 50256, 50256, 50256, 50256, 50256, 50256, 50256]"
General FAQs,how often should i rest between workouts,rest days are important for recovery depending on the intensity of your workouts include at least 12 rest days per week,"[4919, 1690, 815, 1312, 1334, 1022, 27197, 50256, 50256, 50256, 50256, 50256, 50256, 50256, 50256, 50256, 50256, 50256, 50256, 50256, 50256, 50256, 50256, 50256, 50256, 50256, 50256, 50256, 50256, 50256, 50256, 50256, 50256, 50256, 50256, 50256, 50256, 50256]","[2118, 1528, 389, 1593, 329, 7628, 6906, 319, 262, 12245, 286, 534, 27197, 2291, 379, 1551, 1105, 1334, 1528, 583, 1285, 50256, 50256, 50256, 50256, 50256, 50256, 50256, 50256, 50256, 50256, 50256, 50256, 50256, 50256, 50256, 50256, 50256]"
Nutrition,what are antioxidants and why are they important,antioxidants are compounds that protect your cells from damage caused by free radicals they can boost your immune system and may reduce the risk of certain diseases,"[10919, 389, 49148, 290, 1521, 389, 484, 1593, 50256, 50256, 50256, 50256, 50256, 50256, 50256, 50256, 50256, 50256, 50256, 50256, 50256, 50256, 50256, 50256, 50256, 50256, 50256, 50256, 50256, 50256, 50256, 50256, 50256, 50256, 50256, 50256, 50256, 50256]","[415, 26294, 1187, 389, 16439, 326, 1805, 534, 4778, 422, 2465, 4073, 416, 1479, 32842, 484, 460, 5750, 534, 10900, 1080, 290, 743, 4646, 262, 2526, 286, 1728, 10040, 50256, 50256, 50256, 50256, 50256, 50256, 50256, 50256, 50256]"
Nutrition,are carbohydrates bad for weight loss,not necessarily complex carbohydrates like whole grains provide essential nutrients and energy its important to focus on portion sizes and choose whole foods over refined carbs,"[533, 32328, 2089, 329, 3463, 2994, 50256, 50256, 50256, 50256, 50256, 50256, 50256, 50256, 50256, 50256, 50256, 50256, 50256, 50256, 50256, 50256, 50256, 50256, 50256, 50256, 50256, 50256, 50256, 50256, 50256, 50256, 50256, 50256, 50256, 50256, 50256, 50256]","[1662, 6646, 3716, 32328, 588, 2187, 21824, 2148, 6393, 20901, 290, 2568, 663, 1593, 284, 2962, 319, 6903, 10620, 290, 3853, 2187, 9013, 625, 20449, 33037, 50256, 50256, 50256, 50256, 50256, 50256, 50256, 50256, 50256, 50256, 50256, 50256]"
Fitness,whats the benefit of highintensity interval training hiit,hiit workouts can burn a lot of calories in a short time improve cardiovascular health and boost metabolism even after the workout is over,"[1929, 1381, 262, 4414, 286, 1029, 47799, 16654, 3047, 23105, 270, 50256, 50256, 50256, 50256, 50256, 50256, 50256, 50256, 50256, 50256, 50256, 50256, 50256, 50256, 50256, 50256, 50256, 50256, 50256, 50256, 50256, 50256, 50256, 50256, 50256, 50256, 50256]","[5303, 270, 27197, 460, 4245, 257, 1256, 286, 14653, 287, 257, 1790, 640, 2987, 21134, 1535, 290, 5750, 20211, 772, 706, 262, 17578, 318, 625, 50256, 50256, 50256, 50256, 50256, 50256, 50256, 50256, 50256, 50256, 50256, 50256, 50256]"
Fitness,how can i prevent muscle soreness after exercise,gradually increase workout intensity include proper warmups and cooldowns stay hydrated and consider gentle stretching or foam rolling postexercise,"[4919, 460, 1312, 2948, 8280, 19597, 1108, 706, 5517, 50256, 50256, 50256, 50256, 50256, 50256, 50256, 50256, 50256, 50256, 50256, 50256, 50256, 50256, 50256, 50256, 50256, 50256, 50256, 50256, 50256, 50256, 50256, 50256, 50256, 50256, 50256, 50256, 50256]","[9744, 935, 2620, 17578, 12245, 2291, 1774, 5814, 4739, 290, 20869, 82, 2652, 7409, 4111, 290, 2074, 10296, 20880, 393, 19828, 10708, 1281, 1069, 23697, 50256, 50256, 50256, 50256, 50256, 50256, 50256, 50256, 50256, 50256, 50256, 50256, 50256]"
Wellness,what is the role of mental health in physical fitness,mental health significantly impacts motivation consistency and overall wellbeing managing stress and maintaining a positive mindset can enhance your fitness journey,"[10919, 318, 262, 2597, 286, 5110, 1535, 287, 3518, 13547, 50256, 50256, 50256, 50256, 50256, 50256, 50256, 50256, 50256, 50256, 50256, 50256, 50256, 50256, 50256, 50256, 50256, 50256, 50256, 50256, 50256, 50256, 50256, 50256, 50256, 50256, 50256, 50256]","[37098, 1535, 5566, 12751, 14052, 15794, 290, 4045, 40013, 11149, 5503, 290, 10941, 257, 3967, 20527, 460, 9494, 534, 13547, 7002, 50256, 50256, 50256, 50256, 50256, 50256, 50256, 50256, 50256, 50256, 50256, 50256, 50256, 50256, 50256, 50256, 50256]"
Wellness,how does meditation benefit physical health,meditation can reduce stress hormones lower blood pressure improve sleep quality and enhance focus all of which contribute to better physical health,"[4919, 857, 16901, 4414, 3518, 1535, 50256, 50256, 50256, 50256, 50256, 50256, 50256, 50256, 50256, 50256, 50256, 50256, 50256, 50256, 50256, 50256, 50256, 50256, 50256, 50256, 50256, 50256, 50256, 50256, 50256, 50256, 50256, 50256, 50256, 50256, 50256, 50256]","[1150, 3780, 460, 4646, 5503, 21311, 2793, 2910, 3833, 2987, 3993, 3081, 290, 9494, 2962, 477, 286, 543, 8676, 284, 1365, 3518, 1535, 50256, 50256, 50256, 50256, 50256, 50256, 50256, 50256, 50256, 50256, 50256, 50256, 50256, 50256, 50256]"
Nutrition,what foods are rich in vitamin c,foods high in vitamin c include oranges strawberries bell peppers kiwi broccoli and spinach,"[10919, 9013, 389, 5527, 287, 14411, 269, 50256, 50256, 50256, 50256, 50256, 50256, 50256, 50256, 50256, 50256, 50256, 50256, 50256, 50256, 50256, 50256, 50256, 50256, 50256, 50256, 50256, 50256, 50256, 50256, 50256, 50256, 50256, 50256, 50256, 50256, 50256]","[19425, 82, 1029, 287, 14411, 269, 2291, 48389, 36973, 8966, 31804, 479, 14246, 72, 44653, 290, 39129, 50256, 50256, 50256, 50256, 50256, 50256, 50256, 50256, 50256, 50256, 50256, 50256, 50256, 50256, 50256, 50256, 50256, 50256, 50256, 50256, 50256]"
Fitness,is walking a good exercise for weight loss,yes walking is a lowimpact exercise that can help burn calories improve cardiovascular health and aid in weight loss when done consistently,"[271, 6155, 257, 922, 5517, 329, 3463, 2994, 50256, 50256, 50256, 50256, 50256, 50256, 50256, 50256, 50256, 50256, 50256, 50256, 50256, 50256, 50256, 50256, 50256, 50256, 50256, 50256, 50256, 50256, 50256, 50256, 50256, 50256, 50256, 50256, 50256, 50256]","[8505, 6155, 318, 257, 1877, 48240, 5517, 326, 460, 1037, 4245, 14653, 2987, 21134, 1535, 290, 6133, 287, 3463, 2994, 618, 1760, 9835, 50256, 50256, 50256, 50256, 50256, 50256, 50256, 50256, 50256, 50256, 50256, 50256, 50256, 50256, 50256]"
Nutrition,how can i reduce sugar in my diet,limit intake of sugary drinks and snacks read food labels to check for added sugars and opt for natural sweeteners like fruits when possible,"[4919, 460, 1312, 4646, 7543, 287, 616, 5496, 50256, 50256, 50256, 50256, 50256, 50256, 50256, 50256, 50256, 50256, 50256, 50256, 50256, 50256, 50256, 50256, 50256, 50256, 50256, 50256, 50256, 50256, 50256, 50256, 50256, 50256, 50256, 50256, 50256, 50256]","[32374, 10337, 286, 424, 14849, 11758, 290, 28487, 1100, 2057, 14722, 284, 2198, 329, 2087, 34476, 290, 2172, 329, 3288, 6029, 36014, 588, 15921, 618, 1744, 50256, 50256, 50256, 50256, 50256, 50256, 50256, 50256, 50256, 50256, 50256, 50256]"
Fitness,should i eat before or after a workout,eating a light meal or snack with carbohydrates and protein before a workout can provide energy postworkout nutrition helps with recovery timing can depend on personal preference and workout intensity,"[21754, 1312, 4483, 878, 393, 706, 257, 17578, 50256, 50256, 50256, 50256, 50256, 50256, 50256, 50256, 50256, 50256, 50256, 50256, 50256, 50256, 50256, 50256, 50256, 50256, 50256, 50256, 50256, 50256, 50256, 50256, 50256, 50256, 50256, 50256, 50256, 50256]","[30041, 257, 1657, 9799, 393, 26906, 351, 32328, 290, 7532, 878, 257, 17578, 460, 2148, 2568, 1281, 1818, 448, 16633, 5419, 351, 7628, 10576, 460, 4745, 319, 2614, 12741, 290, 17578, 12245, 50256, 50256, 50256, 50256, 50256, 50256]"
Wellness,what are the benefits of practicing yoga,yoga improves flexibility strength and balance it also promotes relaxation reduces stress and can enhance mental clarity,"[10919, 389, 262, 4034, 286, 18207, 20351, 50256, 50256, 50256, 50256, 50256, 50256, 50256, 50256, 50256, 50256, 50256, 50256, 50256, 50256, 50256, 50256, 50256, 50256, 50256, 50256, 50256, 50256, 50256, 50256, 50256, 50256, 50256, 50256, 50256, 50256, 50256]","[88, 10949, 19575, 13688, 4202, 290, 5236, 340, 635, 21068, 34205, 12850, 5503, 290, 460, 9494, 5110, 16287, 50256, 50256, 50256, 50256, 50256, 50256, 50256, 50256, 50256, 50256, 50256, 50256, 50256, 50256, 50256, 50256, 50256, 50256, 50256, 50256]"
General FAQs,how important is it to track my macronutrient intake,tracking macronutrients can help ensure youre getting the right balance of proteins fats and carbohydrates to meet your fitness and health goals,"[4919, 1593, 318, 340, 284, 2610, 616, 8352, 1313, 315, 8289, 10337, 50256, 50256, 50256, 50256, 50256, 50256, 50256, 50256, 50256, 50256, 50256, 50256, 50256, 50256, 50256, 50256, 50256, 50256, 50256, 50256, 50256, 50256, 50256, 50256, 50256, 50256]","[36280, 8352, 1313, 315, 18491, 460, 1037, 4155, 345, 260, 1972, 262, 826, 5236, 286, 15568, 27997, 290, 32328, 284, 1826, 534, 13547, 290, 1535, 4661, 50256, 50256, 50256, 50256, 50256, 50256, 50256, 50256, 50256, 50256, 50256, 50256]"
Nutrition,what is intermittent fasting and does it help with weight loss,intermittent fasting involves cycling between periods of eating and fasting some people find it helps with weight loss by reducing calorie intake but results can vary,"[10919, 318, 38361, 24845, 290, 857, 340, 1037, 351, 3463, 2994, 50256, 50256, 50256, 50256, 50256, 50256, 50256, 50256, 50256, 50256, 50256, 50256, 50256, 50256, 50256, 50256, 50256, 50256, 50256, 50256, 50256, 50256, 50256, 50256, 50256, 50256, 50256]","[3849, 20124, 298, 24845, 9018, 16259, 1022, 9574, 286, 6600, 290, 24845, 617, 661, 1064, 340, 5419, 351, 3463, 2994, 416, 8868, 28740, 10337, 475, 2482, 460, 7565, 50256, 50256, 50256, 50256, 50256, 50256, 50256, 50256, 50256, 50256]"
Fitness,how can i increase my running endurance,gradually increase your running distance include interval training ensure proper hydration and nutrition and allow time for recovery,"[4919, 460, 1312, 2620, 616, 2491, 22965, 50256, 50256, 50256, 50256, 50256, 50256, 50256, 50256, 50256, 50256, 50256, 50256, 50256, 50256, 50256, 50256, 50256, 50256, 50256, 50256, 50256, 50256, 50256, 50256, 50256, 50256, 50256, 50256, 50256, 50256, 50256]","[9744, 935, 2620, 534, 2491, 5253, 2291, 16654, 3047, 4155, 1774, 7409, 1358, 290, 16633, 290, 1249, 640, 329, 7628, 50256, 50256, 50256, 50256, 50256, 50256, 50256, 50256, 50256, 50256, 50256, 50256, 50256, 50256, 50256, 50256, 50256, 50256]"
Wellness,what are some techniques for improving sleep quality,maintain a consistent sleep schedule create a restful environment limit screen time before bed and avoid caffeine late in the day,"[10919, 389, 617, 7605, 329, 10068, 3993, 3081, 50256, 50256, 50256, 50256, 50256, 50256, 50256, 50256, 50256, 50256, 50256, 50256, 50256, 50256, 50256, 50256, 50256, 50256, 50256, 50256, 50256, 50256, 50256, 50256, 50256, 50256, 50256, 50256, 50256, 50256]","[76, 32725, 257, 6414, 3993, 7269, 2251, 257, 1334, 913, 2858, 4179, 3159, 640, 878, 3996, 290, 3368, 22511, 2739, 287, 262, 1110, 50256, 50256, 50256, 50256, 50256, 50256, 50256, 50256, 50256, 50256, 50256, 50256, 50256, 50256, 50256]"
General FAQs,is it necessary to count calories to lose weight,while counting calories can be helpful for some focusing on whole foods portion control and listening to your bodys hunger cues can also support weight loss,"[271, 340, 3306, 284, 954, 14653, 284, 4425, 3463, 50256, 50256, 50256, 50256, 50256, 50256, 50256, 50256, 50256, 50256, 50256, 50256, 50256, 50256, 50256, 50256, 50256, 50256, 50256, 50256, 50256, 50256, 50256, 50256, 50256, 50256, 50256, 50256, 50256]","[4514, 14143, 14653, 460, 307, 7613, 329, 617, 10759, 319, 2187, 9013, 6903, 1630, 290, 8680, 284, 534, 16429, 893, 16460, 25288, 460, 635, 1104, 3463, 2994, 50256, 50256, 50256, 50256, 50256, 50256, 50256, 50256, 50256, 50256, 50256]"
Nutrition,what are healthy fats and where can i find them,healthy fats include monounsaturated and polyunsaturated fats found in avocados olive oil nuts seeds and fatty fish like salmon,"[10919, 389, 5448, 27997, 290, 810, 460, 1312, 1064, 606, 50256, 50256, 50256, 50256, 50256, 50256, 50256, 50256, 50256, 50256, 50256, 50256, 50256, 50256, 50256, 50256, 50256, 50256, 50256, 50256, 50256, 50256, 50256, 50256, 50256, 50256, 50256, 50256]","[22796, 27997, 2291, 937, 977, 82, 30192, 290, 7514, 13271, 30192, 27997, 1043, 287, 1196, 420, 22484, 19450, 3056, 14380, 11904, 290, 19251, 5916, 588, 24535, 50256, 50256, 50256, 50256, 50256, 50256, 50256, 50256, 50256, 50256, 50256, 50256]"
Fitness,can strength training help with weight loss,yes strength training builds muscle mass which can increase your resting metabolic rate helping you burn more calories even at rest,"[5171, 4202, 3047, 1037, 351, 3463, 2994, 50256, 50256, 50256, 50256, 50256, 50256, 50256, 50256, 50256, 50256, 50256, 50256, 50256, 50256, 50256, 50256, 50256, 50256, 50256, 50256, 50256, 50256, 50256, 50256, 50256, 50256, 50256, 50256, 50256, 50256, 50256]","[8505, 4202, 3047, 12188, 8280, 2347, 543, 460, 2620, 534, 19186, 19737, 2494, 5742, 345, 4245, 517, 14653, 772, 379, 1334, 50256, 50256, 50256, 50256, 50256, 50256, 50256, 50256, 50256, 50256, 50256, 50256, 50256, 50256, 50256, 50256, 50256]"
Wellness,how does dehydration affect physical performance,dehydration can lead to fatigue decreased coordination muscle cramps and reduced endurance negatively impacting performance,"[4919, 857, 47751, 2689, 3518, 2854, 50256, 50256, 50256, 50256, 50256, 50256, 50256, 50256, 50256, 50256, 50256, 50256, 50256, 50256, 50256, 50256, 50256, 50256, 50256, 50256, 50256, 50256, 50256, 50256, 50256, 50256, 50256, 50256, 50256, 50256, 50256, 50256]","[2934, 15511, 1358, 460, 1085, 284, 18787, 11832, 19877, 8280, 1067, 9430, 290, 5322, 22965, 22533, 40288, 2854, 50256, 50256, 50256, 50256, 50256, 50256, 50256, 50256, 50256, 50256, 50256, 50256, 50256, 50256, 50256, 50256, 50256, 50256, 50256, 50256]"
General FAQs,what is bmi and is it a good indicator of health,bmi body mass index is a measure of body fat based on height and weight it provides a general idea but doesnt account for muscle mass bone density or overall body composition,"[10919, 318, 275, 11632, 290, 318, 340, 257, 922, 16916, 286, 1535, 50256, 50256, 50256, 50256, 50256, 50256, 50256, 50256, 50256, 50256, 50256, 50256, 50256, 50256, 50256, 50256, 50256, 50256, 50256, 50256, 50256, 50256, 50256, 50256, 50256, 50256]","[65, 11632, 1767, 2347, 6376, 318, 257, 3953, 286, 1767, 3735, 1912, 319, 6001, 290, 3463, 340, 3769, 257, 2276, 2126, 475, 46701, 1848, 329, 8280, 2347, 9970, 12109, 393, 4045, 1767, 11742, 50256, 50256, 50256, 50256, 50256]"
Nutrition,how can i manage portion sizes when eating out,consider sharing a meal packing half togo before you start eating or choosing appetizers as your main course to manage portion sizes,"[4919, 460, 1312, 6687, 6903, 10620, 618, 6600, 503, 50256, 50256, 50256, 50256, 50256, 50256, 50256, 50256, 50256, 50256, 50256, 50256, 50256, 50256, 50256, 50256, 50256, 50256, 50256, 50256, 50256, 50256, 50256, 50256, 50256, 50256, 50256, 50256, 50256]","[44353, 7373, 257, 9799, 24157, 2063, 284, 2188, 878, 345, 923, 6600, 393, 11236, 16422, 11341, 355, 534, 1388, 1781, 284, 6687, 6903, 10620, 50256, 50256, 50256, 50256, 50256, 50256, 50256, 50256, 50256, 50256, 50256, 50256, 50256, 50256]"
Fitness,whats the importance of warming up before exercise,warming up increases blood flow to muscles enhances flexibility and reduces the risk of injury by preparing the body for more intense activity,"[1929, 1381, 262, 6817, 286, 9917, 510, 878, 5517, 50256, 50256, 50256, 50256, 50256, 50256, 50256, 50256, 50256, 50256, 50256, 50256, 50256, 50256, 50256, 50256, 50256, 50256, 50256, 50256, 50256, 50256, 50256, 50256, 50256, 50256, 50256, 50256, 50256]","[48133, 510, 5732, 2910, 5202, 284, 12749, 32479, 13688, 290, 12850, 262, 2526, 286, 5095, 416, 10629, 262, 1767, 329, 517, 8157, 3842, 50256, 50256, 50256, 50256, 50256, 50256, 50256, 50256, 50256, 50256, 50256, 50256, 50256, 50256, 50256]"
Wellness,can music improve my workout performance,yes listening to music can boost motivation reduce perceived effort and improve overall workout enjoyment,"[5171, 2647, 2987, 616, 17578, 2854, 50256, 50256, 50256, 50256, 50256, 50256, 50256, 50256, 50256, 50256, 50256, 50256, 50256, 50256, 50256, 50256, 50256, 50256, 50256, 50256, 50256, 50256, 50256, 50256, 50256, 50256, 50256, 50256, 50256, 50256, 50256, 50256]","[8505, 8680, 284, 2647, 460, 5750, 14052, 4646, 11067, 3626, 290, 2987, 4045, 17578, 23334, 50256, 50256, 50256, 50256, 50256, 50256, 50256, 50256, 50256, 50256, 50256, 50256, 50256, 50256, 50256, 50256, 50256, 50256, 50256, 50256, 50256, 50256, 50256]"
General FAQs,what are some signs of overtraining,signs include persistent fatigue decreased performance frequent injuries irritability and trouble sleeping its important to incorporate rest and recovery,"[10919, 389, 617, 5895, 286, 625, 34409, 50256, 50256, 50256, 50256, 50256, 50256, 50256, 50256, 50256, 50256, 50256, 50256, 50256, 50256, 50256, 50256, 50256, 50256, 50256, 50256, 50256, 50256, 50256, 50256, 50256, 50256, 50256, 50256, 50256, 50256, 50256]","[12683, 82, 2291, 16218, 18787, 11832, 2854, 10792, 6821, 14709, 1799, 290, 5876, 11029, 663, 1593, 284, 19330, 1334, 290, 7628, 50256, 50256, 50256, 50256, 50256, 50256, 50256, 50256, 50256, 50256, 50256, 50256, 50256, 50256, 50256, 50256, 50256]"
